{"cameraMode":{"drawMode":0,"name":"Shaded","section":"Shading Mode"},"sceneLighting":true,"audioPlay":false,"sceneViewState":{"showFog":true,"showMaterialUpdate":true,"showSkybox":true,"showFlares":true,"showImageEffects":true,"showParticleSystems":true},"in2DMode":false,"pivot":{"x":0.05322688817977905,"y":0.04660767316818237,"z":0.5122148394584656},"rotation":{"x":-0.27945324778556826,"y":0.6501761078834534,"z":-0.2801241874694824,"w":-0.6486188173294067},"size":0.6531808972358704,"orthographic":false}